old_path,action,target
/blog/building-trust-in-digital-spirituality-a-non-judgmental-supportive-approach,301,https://cosmicspiritguide.com/blog
/blog/composite-chart-relationship-soul,301,https://cosmicspiritguide.com/blog
/blog/find-calm-in-uncertainty-simple-daily-tarot-guidance-for-peaceful-clarity,301,https://cosmicspiritguide.com/blog
/blog/harnessing-lunar-magic-let-the-moon-s-energy-guide-your-emotions-and-actions,301,https://cosmicspiritguide.com/blog
/blog/harnessing-the-power-of-daily-personalized-guidance-for-personal-and-professional-growth,301,https://cosmicspiritguide.com/blog
/blog/how-technology-is-democratizing-spiritual-guidance-for-everyone,301,https://cosmicspiritguide.com/blog
/blog/mercury-retrograde-meaning-complete-survival-guide-1,301,https://cosmicspiritguide.com/blog
/blog/mercury-retrograde-meaning-complete-survival-guide-2,301,https://cosmicspiritguide.com/blog
/blog/mother-s-instinct-understanding-pregnancy-infant-temperament-and-psychology,301,https://cosmicspiritguide.com/blog
/blog/numerology-compatibility-calculator-life-path-numbers-1,301,https://cosmicspiritguide.com/blog
/blog/numerology-compatibility-calculator-life-path-numbers-2,301,https://cosmicspiritguide.com/blog
/blog/step-into-your-power-embrace-ai-tailored-tarot-insights-today,301,https://cosmicspiritguide.com/blog
/blog/the-future-of-intuition-how-ai-is-transforming-spiritual-guidance,301,https://cosmicspiritguide.com/blog
/coach,410,
/credits,410,
/dashboard,301,https://cosmicspiritguide.com/login
/energy,410,
/forecasts,410,
/journal,410,
/moon-phase,301,https://cosmicspiritguide.com/transits
/moon-reading,301,https://cosmicspiritguide.com/tarot
/newsletter,410,
/subscription,410,
